Module,Zone,Height,Width,Length,Image
M1,Market Rate South Wing,,,,
M2,Market Rate South Wing,,,,
M3,Residential Affordable,,,,
M4,Residential Affordable,,,,
M5,Residential Affordable,,,,
M6,Residential Affordable,,,,
M7,Residential Affordable,,,,
M8,Residential Affordable,,,,
M9,Residential Affordable,,,,
M10,Residential Affordable,,,,
M11,Residential Affordable,,,,
M12,Residential Affordable,,,,
M13,Residential Affordable,,,,
M14,Residential Affordable,,,,
M15,Residential Affordable,,,,
M16,Residential Affordable,,,,
M17,Residential Affordable,,,,
M18,Residential Affordable,,,,
M19,Residential Affordable,,,,
M20,Residential Affordable,,,,
M21,Residential Affordable,,,,
M22,Residential Affordable,,,,
M23,Residential Affordable,,,,
M24,Residential Affordable,,,,
M25,Residential Affordable,,,,
M26,Residential Affordable,,,,
M27,Residential Affordable,,,,
M28,Residential Affordable,,,,
M29,Residential Affordable,,,,
M30,Residential Affordable,,,,
M31,Residential Affordable,,,,
M32,Residential Affordable,,,,
M33,Residential Affordable,,,,
M34,Residential Affordable,,,,
M35,Residential Affordable,,,,
M36,Residential Affordable,,,,
M37,Residential Affordable,,,,
M38,Residential Affordable,,,,
M39,Residential Affordable,,,,
M40,Residential Affordable,,,,
M41,Residential Affordable,,,,
M42,Residential Affordable,,,,
M43,Residential Affordable,,,,
M44,Residential Affordable,,,,
M45,Residential Affordable,,,,
M46,Residential Affordable,,,,
M47,Residential Affordable,,,,
M48,Residential Affordable,,,,
M49,Residential Affordable,,,,
M50,Residential Affordable,,,,
M51,Residential Affordable,,,,
M52,Residential Affordable,,,,
M53,Residential Affordable,,,,
M54,Residential Affordable,,,,
M55,Residential Affordable,,,,
M56,Residential Affordable,,,,
M57,Residential Affordable,,,,
M58,Residential Affordable,,,,
M59,Residential Affordable,,,,
M60,Residential Affordable,,,,
M61,Residential Affordable,,,,
M62,Residential Affordable,,,,
M63,Residential Affordable,,,,
M64,Residential Affordable,,,,
M65,Residential Affordable,,,,
M66,Residential Affordable,,,,
M67,Residential Affordable,,,,
M68,Residential Affordable,,,,
M69,Residential Affordable,,,,
M70,Residential Affordable,,,,
M71,Residential Affordable,,,,
M72,Residential Affordable,,,,
M73,Residential Affordable,,,,
M74,Residential Affordable,,,,
M75,Residential Affordable,,,,
M76,Residential Affordable,,,,
M77,Residential Affordable,,,,
M78,Residential Affordable,,,,
M79,Residential Affordable,,,,
M80,Residential Affordable,,,,
M81,Residential Affordable,,,,
M82,Residential Affordable,,,,
M83,Residential Affordable,,,,
M84,Residential Affordable,,,,
M85,Residential Affordable,,,,
M86,Residential Affordable,,,,
M87,Residential Affordable,,,,
M88,Residential Affordable,,,,
M89,Residential Affordable,,,,
M90,Residential Affordable,,,,
M91,Residential Affordable,,,,
M92,Residential Affordable,,,,
M93,Residential Affordable,,,,
M94,Residential Affordable,,,,
M95,Residential Affordable,,,,
M96,Market Rate West Wing,,,,
M97,Market Rate West Wing,,,,
M98,Market Rate West Wing,,,,
M99,Market Rate West Wing,,,,
M100,Market Rate West Wing,,,,
M101,Market Rate West Wing,,,,
M102,Market Rate West Wing,,,,
M103,Market Rate West Wing,,,,
M104,Market Rate North Wing,,,,
M105,Market Rate North Wing,,,,
M106,Market Rate North Wing,,,,
M107,Market Rate North Wing,,,,
M108,Market Rate North Wing,,,,
M109,Market Rate North Wing,,,,
M110,Market Rate North Wing,,,,
M111,Market Rate North Wing,,,,
M112,Market Rate North Wing,,,,
M113,Market Rate North Wing,,,,
M114,Market Rate North Wing,,,,
M115,Market Rate North Wing,,,,
M116,Market Rate North Wing,,,,
M117,Market Rate North Wing,,,,
M118,Market Rate West Wing,,,,
M119,Market Rate West Wing,,,,
M120,Market Rate West Wing,,,,
M121,Market Rate West Wing,,,,
M122,Market Rate West Wing,,,,
M123,Market Rate West Wing,,,,
M124,Market Rate West Wing,,,,
M125,Market Rate West Wing,,,,
M126,Market Rate North Wing,,,,
M127,Market Rate North Wing,,,,
M128,Market Rate North Wing,,,,
M129,Market Rate North Wing,,,,
M130,Market Rate North Wing,,,,
M131,Market Rate North Wing,,,,
M132,Market Rate North Wing,,,,
M133,Market Rate North Wing,,,,
M134,Market Rate North Wing,,,,
M135,Market Rate North Wing,,,,
M136,Market Rate North Wing,,,,
M137,Market Rate North Wing,,,,
M138,Market Rate North Wing,,,,
M139,Market Rate North Wing,,,,
M140,Market Rate West Wing,,,,
M141,Market Rate West Wing,,,,
M142,Market Rate West Wing,,,,
M143,Market Rate West Wing,,,,
M144,Market Rate West Wing,,,,
M145,Market Rate West Wing,,,,
M146,Market Rate West Wing,,,,
M147,Market Rate West Wing,,,,
M148,Market Rate North Wing,,,,
M149,Market Rate North Wing,,,,
M150,Market Rate North Wing,,,,
M151,Market Rate North Wing,,,,
M152,Market Rate North Wing,,,,
M153,Market Rate North Wing,,,,
M154,Market Rate North Wing,,,,
M155,Market Rate North Wing,,,,
M156,Market Rate North Wing,,,,
M157,Market Rate North Wing,,,,
M158,Market Rate North Wing,,,,
M159,Market Rate North Wing,,,,
M160,Market Rate North Wing,,,,
M161,Market Rate North Wing,,,,
M162,Market Rate West Wing,,,,
M163,Market Rate West Wing,,,,
M164,Market Rate West Wing,,,,
M165,Market Rate West Wing,,,,
M166,Market Rate West Wing,,,,
M167,Market Rate West Wing,,,,
M168,Market Rate West Wing,,,,
M169,Market Rate West Wing,,,,
M170,Market Rate North Wing,,,,
M171,Market Rate North Wing,,,,
M172,Market Rate North Wing,,,,
M173,Market Rate North Wing,,,,
M174,Market Rate North Wing,,,,
M175,Market Rate North Wing,,,,
M176,Market Rate North Wing,,,,
M177,Market Rate North Wing,,,,
M178,Market Rate North Wing,,,,
M179,Market Rate North Wing,,,,
M180,Market Rate North Wing,,,,
M181,Market Rate North Wing,,,,
M182,Market Rate North Wing,,,,
M183,Market Rate North Wing,,,,
M184,Market Rate West Wing,,,,
M185,Market Rate West Wing,,,,
M186,Market Rate West Wing,,,,
M187,Market Rate West Wing,,,,
M188,Market Rate West Wing,,,,
M189,Market Rate West Wing,,,,
M190,Market Rate West Wing,,,,
M191,Market Rate West Wing,,,,
M192,Market Rate North Wing,,,,
M193,Market Rate North Wing,,,,
M194,Market Rate North Wing,,,,
M195,Market Rate North Wing,,,,
M196,Market Rate North Wing,,,,
M197,Market Rate North Wing,,,,
M198,Market Rate North Wing,,,,
M199,Market Rate North Wing,,,,
M200,Market Rate North Wing,,,,
M201,Market Rate North Wing,,,,
M202,Market Rate North Wing,,,,
M203,Market Rate North Wing,,,,
M204,Market Rate North Wing,,,,
M205,Market Rate North Wing,,,,
M206,Market Rate West Wing,,,,
M207,Market Rate West Wing,,,,
M208,Market Rate West Wing,,,,
M209,Market Rate West Wing,,,,
M210,Market Rate West Wing,,,,
M211,Market Rate West Wing,,,,
M212,Market Rate West Wing,,,,
M213,Market Rate West Wing,,,,
M214,Market Rate North Wing,,,,
M215,Market Rate North Wing,,,,
M216,Market Rate North Wing,,,,
M217,Market Rate North Wing,,,,
M218,Market Rate North Wing,,,,
M219,Market Rate North Wing,,,,
M220,Market Rate North Wing,,,,
M221,Market Rate North Wing,,,,
M222,Market Rate North Wing,,,,
M223,Market Rate North Wing,,,,
M224,Market Rate North Wing,,,,
M225,Market Rate North Wing,,,,
M226,Market Rate North Wing,,,,
M227,Market Rate North Wing,,,,
M228,Market Rate West Wing,,,,
M229,Market Rate West Wing,,,,
M230,Market Rate West Wing,,,,
M231,Market Rate West Wing,,,,
M232,Market Rate West Wing,,,,
M233,Market Rate West Wing,,,,
M234,Market Rate West Wing,,,,
M235,Market Rate West Wing,,,,
M236,Market Rate North Wing,,,,
M237,Market Rate North Wing,,,,
M238,Market Rate North Wing,,,,
M239,Market Rate North Wing,,,,
M240,Market Rate North Wing,,,,
M241,Market Rate North Wing,,,,
M242,Market Rate North Wing,,,,
M243,Market Rate North Wing,,,,
M244,Market Rate North Wing,,,,
M245,Market Rate North Wing,,,,
M246,Market Rate North Wing,,,,
M247,Market Rate North Wing,,,,
M248,Market Rate North Wing,,,,
M249,Market Rate North Wing,,,,
M250,Market Rate East Wing,,,,
M251,Market Rate East Wing,,,,
M252,Market Rate East Wing,,,,
M253,Market Rate East Wing,,,,
M254,Market Rate East Wing,,,,
M255,Market Rate East Wing,,,,
M256,Market Rate East Wing,,,,
M257,Market Rate East Wing,,,,
M258,Market Rate East Wing,,,,
M259,Market Rate East Wing,,,,
M260,Market Rate East Wing,,,,
M261,Market Rate East Wing,,,,
M262,Market Rate East Wing,,,,
M263,Market Rate East Wing,,,,
M264,Market Rate East Wing,,,,
M265,Market Rate East Wing,,,,
M266,Market Rate East Wing,,,,
M267,Market Rate East Wing,,,,
M268,Market Rate East Wing,,,,
M269,Market Rate East Wing,,,,
M270,Market Rate East Wing,,,,
M271,Market Rate East Wing,,,,
M272,Market Rate East Wing,,,,
M273,Market Rate East Wing,,,,
M274,Market Rate East Wing,,,,
M275,Market Rate East Wing,,,,
M276,Market Rate East Wing,,,,
M277,Market Rate East Wing,,,,
M278,Market Rate East Wing,,,,
M279,Market Rate East Wing,,,,
M280,Market Rate East Wing,,,,
M281,Market Rate East Wing,,,,
M282,Market Rate East Wing,,,,
M283,Market Rate East Wing,,,,
M284,Market Rate East Wing,,,,
M285,Market Rate East Wing,,,,
M286,Market Rate East Wing,,,,
M287,Market Rate East Wing,,,,
M288,Market Rate East Wing,,,,
M289,Market Rate East Wing,,,,
M290,Market Rate East Wing,,,,
M291,Market Rate East Wing,,,,
M292,Market Rate East Wing,,,,
M293,Market Rate East Wing,,,,
M294,Market Rate East Wing,,,,
M295,Market Rate East Wing,,,,
M296,Market Rate East Wing,,,,
M297,Market Rate East Wing,,,,
M298,Market Rate East Wing,,,,
M299,Market Rate East Wing,,,,
M300,Market Rate East Wing,,,,
M301,Market Rate East Wing,,,,
M302,Market Rate East Wing,,,,
M303,Market Rate East Wing,,,,
M304,Market Rate East Wing,,,,
M305,Market Rate East Wing,,,,
M306,Market Rate East Wing,,,,
M307,Market Rate East Wing,,,,
M308,Market Rate East Wing,,,,
M309,Market Rate East Wing,,,,
M310,Market Rate East Wing,,,,
M311,Market Rate East Wing,,,,
M312,Market Rate East Wing,,,,
M313,Market Rate East Wing,,,,
M314,Market Rate East Wing,,,,
M315,Market Rate East Wing,,,,
M316,Market Rate East Wing,,,,
M317,Market Rate East Wing,,,,
M318,Market Rate East Wing,,,,
M319,Market Rate East Wing,,,,
M320,Market Rate East Wing,,,,
M321,Market Rate East Wing,,,,
M322,Market Rate East Wing,,,,
M323,Market Rate East Wing,,,,
M324,Market Rate East Wing,,,,
M325,Market Rate East Wing,,,,
M326,Market Rate East Wing,,,,
M327,Market Rate East Wing,,,,
M328,Market Rate East Wing,,,,
M329,Market Rate East Wing,,,,
M330,Market Rate East Wing,,,,
M331,Market Rate East Wing,,,,
M332,Market Rate East Wing,,,,
M333,Market Rate East Wing,,,,
M334,Market Rate East Wing,,,,
M335,Market Rate East Wing,,,,
M336,Market Rate East Wing,,,,
M337,Market Rate East Wing,,,,
M338,Market Rate East Wing,,,,
M339,Market Rate East Wing,,,,
M340,Market Rate East Wing,,,,
M341,Market Rate East Wing,,,,
M342,Market Rate East Wing,,,,
M343,Market Rate East Wing,,,,
M344,Market Rate East Wing,,,,
M345,Market Rate East Wing,,,,
M346,Market Rate East Wing,,,,
M347,Market Rate East Wing,,,,
M348,Market Rate East Wing,,,,
M349,Market Rate East Wing,,,,
M350,Market Rate East Wing,,,,
M351,Market Rate East Wing,,,,
M352,Market Rate East Wing,,,,
M353,Market Rate East Wing,,,,
M354,Market Rate East Wing,,,,
M355,Market Rate East Wing,,,,
M356,Market Rate East Wing,,,,
M357,Market Rate East Wing,,,,
M358,Market Rate East Wing,,,,
M359,Market Rate East Wing,,,,
M360,Market Rate East Wing,,,,
M361,Market Rate East Wing,,,,
M362,Market Rate East Wing,,,,
M363,Market Rate East Wing,,,,
M364,Market Rate East Wing,,,,
M365,Market Rate East Wing,,,,
M366,Market Rate East Wing,,,,
M367,Market Rate East Wing,,,,
M368,Market Rate East Wing,,,,
M369,Market Rate East Wing,,,,
M370,Market Rate East Wing,,,,
M371,Market Rate East Wing,,,,
M372,Market Rate East Wing,,,,
M373,Market Rate East Wing,,,,
M374,Market Rate East Wing,,,,
M375,Market Rate East Wing,,,,
M376,Market Rate East Wing,,,,
M377,Market Rate East Wing,,,,
M378,Market Rate South Wing,,,,
M379,Market Rate South Wing,,,,
M380,Market Rate South Wing,,,,
M381,Market Rate South Wing,,,,
M382,Market Rate South Wing,,,,
M383,Market Rate South Wing,,,,
M384,Market Rate South Wing,,,,
M385,Market Rate South Wing,,,,
M386,Market Rate South Wing,,,,
M387,Market Rate South Wing,,,,
M388,Market Rate South Wing,,,,
M389,Market Rate South Wing,,,,
M390,Market Rate South Wing,,,,
M391,Market Rate South Wing,,,,
M392,Market Rate South Wing,,,,
M393,Market Rate South Wing,,,,
M394,Market Rate South Wing,,,,
M395,Market Rate South Wing,,,,
M396,Market Rate South Wing,,,,
M397,Market Rate South Wing,,,,
M398,Market Rate South Wing,,,,
M399,Market Rate South Wing,,,,
M400,Market Rate South Wing,,,,
M401,Market Rate South Wing,,,,
M402,Market Rate South Wing,,,,
M403,Market Rate South Wing,,,,
M404,Market Rate South Wing,,,,
M405,Market Rate South Wing,,,,
M406,Market Rate South Wing,,,,
M407,Market Rate South Wing,,,,
M408,Market Rate South Wing,,,,
M409,Market Rate South Wing,,,,
M410,Market Rate South Wing,,,,
M411,Market Rate South Wing,,,,
M412,Market Rate South Wing,,,,
M413,Market Rate South Wing,,,,
M414,Market Rate South Wing,,,,
M415,Market Rate South Wing,,,,
M416,Market Rate South Wing,,,,
M417,Market Rate South Wing,,,,
M418,Market Rate South Wing,,,,
M419,Market Rate South Wing,,,,
M420,Market Rate South Wing,,,,
M421,Market Rate South Wing,,,,
M422,Market Rate South Wing,,,,
M423,Market Rate South Wing,,,,
M424,Market Rate South Wing,,,,
M425,Market Rate South Wing,,,,
M426,Market Rate South Wing,,,,
M427,Market Rate South Wing,,,,
M428,Market Rate South Wing,,,,
M429,Market Rate South Wing,,,,
M430,Market Rate South Wing,,,,
M431,Market Rate South Wing,,,,
M432,Market Rate South Wing,,,,
M433,Market Rate South Wing,,,,
M434,Market Rate South Wing,,,,
M435,Market Rate South Wing,,,,
M436,Market Rate South Wing,,,,
M437,Market Rate South Wing,,,,
M438,Market Rate South Wing,,,,
M439,Market Rate South Wing,,,,
M440,Market Rate South Wing,,,,
M441,Market Rate South Wing,,,,
M442,Market Rate South Wing,,,,
M443,Market Rate South Wing,,,,
M444,Market Rate South Wing,,,,
M445,Market Rate South Wing,,,,
M446,Market Rate South Wing,,,,
M447,Market Rate South Wing,,,,
M448,Market Rate South Wing,,,,
M449,Market Rate South Wing,,,,
M450,Market Rate South Wing,,,,
M451,Market Rate South Wing,,,,
M452,Market Rate South Wing,,,,
M453,Market Rate South Wing,,,,
M454,Market Rate South Wing,,,,
M455,Market Rate South Wing,,,,
M456,Market Rate South Wing,,,,
M457,Market Rate South Wing,,,,
M458,Market Rate South Wing,,,,
M459,Market Rate South Wing,,,,
M460,Market Rate South Wing,,,,
M461,Market Rate South Wing,,,,
M462,Market Rate South Wing,,,,
M463,Market Rate South Wing,,,,
M464,Market Rate South Wing,,,,
M465,Market Rate South Wing,,,,
M466,Market Rate South Wing,,,,
M467,Market Rate South Wing,,,,
M468,Market Rate South Wing,,,,
M469,Market Rate South Wing,,,,
M470,Market Rate South Wing,,,,
M471,Market Rate South Wing,,,,
M472,Market Rate South Wing,,,,
M473,Market Rate South Wing,,,,
M474,Market Rate South Wing,,,,
M475,Market Rate South Wing,,,,
M476,Market Rate South Wing,,,,
M477,Market Rate South Wing,,,,
M478,Market Rate South Wing,,,,
M479,Market Rate South Wing,,,,
M480,Market Rate South Wing,,,,
M481,Market Rate South Wing,,,,
M482,Market Rate South Wing,,,,
M483,Market Rate South Wing,,,,
M484,Market Rate South Wing,,,,
M485,Market Rate South Wing,,,,
M486,Market Rate South Wing,,,,
M487,Market Rate South Wing,,,,
M488,Market Rate South Wing,,,,
M489,Market Rate South Wing,,,,
M490,Market Rate South Wing,,,,
M491,Market Rate South Wing,,,,
M492,Market Rate South Wing,,,,
M493,Market Rate South Wing,,,,
M494,Market Rate South Wing,,,,
M495,Market Rate South Wing,,,,
M496,Market Rate South Wing,,,,
M497,Market Rate South Wing,,,,
M498,Market Rate South Wing,,,,
M499,Market Rate South Wing,,,,
